1;Douglas Comelli Balbinot;douglas;dou123;1;faturamento02@grupoadservi.com.br;faturamento01@grupoadservi.com.br;Faturamento;1
2;Marcella;marcella;123;2;faturamento01@grupoadservi.com.br;faturamento01@grupoadservi.com.br;Faturamento;1
3;Tayse Laguna;tayse;123;2;faturamento05@grupoadservi.com.br;faturamento01@grupoadservi.com.br;Faturamento;0
4;Vinicius Marchi;vinicius;123;2;faturamento06@grupoadservi.com.br;faturamento01@grupoadservi.com.br;Faturamento;0
5;Kaue Felix;kaue;123;2;faturamento03@grupoadservi.com.br;faturamento01@grupoadservi.com.br;Faturamento;0
6;Alexandre Quadros;alexandre;123;2;alexandre@grupoadservi.com.br;faturamento01@grupoadservi.com.br;Faturamento;0
